ImageId,ClassId,EncodedPixels
0002cc93b.jpg,1,29102 12 29346 24 29602 24 29858 24 30114 24 30370 24 30626 24 30882 24 31139 23 31395 23 31651 23 31907 23 32163 23 32419 23 32675 23 77918 27 78174 55 78429 60 78685 64 78941 68 79197 72 79452 77 79708 81 79964 85 80220 89 80475 94 80731 98 80987 102 81242 105 81498 105 81754 104 82010 104 82265 105 82521 31 82556 69 82779 27 82818 63 83038 22 83080 57 83297 17 83342 50 83555 13 83604 44 83814 8 83866 37 84073 3 84128 31 84390 25 84652 18 84918 8 85239 10 85476 29 85714 47 85960 57 86216 57 86471 58 86727 58 86983 58 87238 59 87494 59 87750 59 88005 60 88261 60 88517 60 88772 61 89028 53 89283 40 89539 32 89667 10 89795 30 89923 28 90050 29 90179 37 90306 27 90434 38 90562 14 90690 38 90817 9 90946 38 91073 3 91202 38 91458 38 91714 38 91969 39 92225 39 92481 39 92737 39 92993 39 93248 40 93504 40 93760 40 94026 30 94302 10 189792 7 190034 21 190283 28 190539 28 190795 28 191051 28 191307 28 191563 28 191819 28 192075 28 192331 28 192587 28 192843 23 193099 14 193355 5
0007a71bf.jpg,3,18661 28 18863 82 19091 110 19347 110 19603 110 19859 110 20115 110 20371 110 20627 110 20883 110 21139 110 21395 110 21651 110 21962 55 293125 251 293381 251 293637 251 293893 251 294149 251 294405 251 294661 251 294917 251 295173 251 295429 251 295685 251 295941 251 296197 251 296453 251 296709 251 296965 251 297221 251 297477 251 297733 251 297989 251 298245 251 298564 188 298945 63
000a4bcdd.jpg,1,37607 3 37858 8 38108 14 38359 20 38610 25 38863 28 39119 28 39375 29 39631 29 39887 29 40143 29 40399 29 40655 30 40911 30 41167 30 41423 30 41679 31 41935 31 42191 31 42447 31 42703 31 42960 31 43216 31 43472 31 43728 31 43984 31 44240 32 44496 32 44752 32 45008 32 45264 33 45520 33 45776 33 46032 33 46288 33 46544 34 46803 31 47065 25 47327 19 47588 15 47850 9 48112 3 62667 12 62923 23 63179 23 63348 3 63435 23 63604 7 63691 23 63860 11 63947 23 64116 15 64203 23 64372 19 64459 23 64628 24 64715 23 64884 28 64971 23 65139 33 65227 23 65395 37 65483 23 65651 41 65740 22 65907 45 65996 22 66163 48 66252 22 66419 48 66508 22 66675 48 66764 22 66931 48 67020 22 67187 48 67276 20 67443 48 67532 16 67699 48 67788 13 67955 48 68044 9 68210 49 68300 6 68466 49 68556 2 68722 50 68978 50 69234 50 69490 50 69746 50 70009 43 70277 31 70545 19 70813 7 73363 5 73619 14 73875 23 74131 31 74387 40 74643 45 74899 46 75155 46 75411 47 75667 47 75923 48 76179 49 76435 49 76691 50 76947 50 77203 50 77459 50 77715 50 77971 50 78227 50 78483 50 78739 50 78995 50 79251 50 79507 50 79763 50 80019 50 80275 50 80531 50 80789 48 81048 45 81308 41 81567 38 81826 35 82085 32 82345 28 82604 23 82863 18 83122 13 83382 7 83641 2 86637 16 86893 31 87149 31 87405 31 87661 31 87917 32 88173 32 88429 32 88685 32 88941 32 89197 32 89453 32 89709 32 89965 33 90221 33 90306 35 90477 33 90562 35 90733 33 90818 35 90989 16 91074 35 91330 35 91586 35 91842 35 92098 35 92354 35 92610 35 92866 35 93122 35 93378 35 93635 34 93891 34 94147 34 94403 34 94659 34 94915 34 95171 34 95427 34 95623 9 95683 30 95879 18 95939 24 96135 18 96195 17 96390 19 96451 10 96646 19 96707 4 96902 20 97158 20 97414 20 97670 20 97925 21 98181 21 98437 22 98693 22 98949 22 99205 22 99460 23 99716 23 99972 24 100228 24 100484 24 100739 25 100995 25 101251 25 101507 26 101763 26 101820 5 102019 26 102076 13 102274 27 102332 18 102530 27 102587 19 102786 26 102843 20 103042 26 103099 20 103298 26 103355 20 103554 26 103611 20 103809 27 103866 22 104065 26 104122 22 104321 26 104378 22 104579 24 104634 21 104837 22 104889 22 105095 19 105145 22 105354 16 105401 21 105612 14 105657 21 105870 12 105913 20 106128 10 106168 21 106387 6 106424 15 106645 4 106680 5 106903 2 111614 3 111864 9 112114 15 112364 21 112440 8 112617 24 112696 22 112873 24 112952 36 113129 24 113208 43 113385 24 113464 43 113641 24 113720 43 113897 24 113976 43 114153 24 114232 43 114409 24 114488 43 114665 24 114744 43 114921 24 115000 43 115177 24 115256 43 115433 24 115512 43 115689 24 115768 43 115945 24 116024 43 116201 24 116280 43 116457 24 116536 43 116713 24 116792 43 116969 24 117048 43 117225 24 117310 37 117493 12 117576 27 117843 16 118109 6
000f6bf48.jpg,4,131973 1 132228 4 132483 6 132738 8 132993 11 133248 13 133503 16 133757 19 134012 22 134267 24 134522 26 134777 29 135032 31 135287 34 135542 36 135796 40 136050 43 136304 46 136558 50 136812 54 137066 56 137320 59 137574 61 137828 63 138082 65 138336 68 138590 70 138845 71 139101 71 139356 73 139612 73 139868 73 140123 74 140379 74 140634 75 140890 75 141145 77 141400 78 141654 80 141909 81 142164 82 142418 84 142673 85 142928 86 143182 88 143437 89 143692 90 143946 93 144201 94 144456 95 144710 97 144965 98 145220 99 145474 101 145729 103 145983 105 146237 107 146491 109 146745 112 146999 114 147253 116 147506 119 147760 122 148014 124 148268 126 148522 128 148776 131 149030 133 149284 135 149539 136 149793 139 150048 140 150303 141 150557 143 150812 145 151067 146 151321 148 151576 149 151831 151 152086 152 152340 155 152595 156 152850 158 153104 161 153359 163 153614 164 153869 166 154125 167 154380 169 154636 169 154891 171 155147 172 155402 174 155658 174 155913 176 156169 177 156424 179 156680 179 156935 181 157191 182 157446 184 157702 184 157957 186 158213 186 158468 187 158724 188 158979 189 159235 189 159490 190 159746 191 160001 192 160257 192 160513 192 160769 193 161025 193 161281 193 161537 193 161793 194 162049 194 162305 194 162561 194 162817 195 163073 195 163329 195 163585 195 163841 196 164097 196 164353 196 164609 196 164865 196 165121 197 165377 197 165633 197 165889 197 166145 198 166401 198 166657 198 166913 198 167169 199 167425 199 167681 199 167937 199 168193 200 168449 200 168705 200 168961 200 169217 201 169473 201 169729 201 169985 201 170241 202 170497 202 170753 202 171010 198 171266 196 171522 194 171778 193 172034 191 172290 189 172546 188 172802 186 173058 185 173314 183 173570 182 173826 180 174082 179 174338 177 174594 175 174850 174 175106 172 175362 171 175618 169 175874 170 176130 171 176386 173 176642 174 176898 175 177155 175 177411 176 177668 176 177925 177 178181 178 178438 178 178695 178 178952 178 179209 178 179466 178 179722 180 179979 180 180236 180 180493 180 180750 181 181007 182 181264 183 181521 184 181778 184 182035 183 182291 183 182548 183 182805 182 183062 181 183319 180 183576 180 183833 179 184090 178 184347 177 184604 176 184860 177 185117 176 185374 175 185631 174 185888 174 186145 173 186402 172 186659 171 186916 171 187173 170 187429 170 187686 169 187943 168 188200 168 188457 167 188714 166 188970 166 189226 167 189483 166 189739 166 189995 166 190251 166 190507 167 190763 167 191020 166 191276 166 191532 167 191788 167 192044 167 192300 167 192557 167 192813 167 193069 167 193325 167 193581 167 193837 168 194093 168 194349 168 194605 168 194861 169 195117 169 195373 169 195629 169 195885 169 196141 170 196397 170 196653 170 196909 170 197165 171 197421 171 197676 172 197932 172 198188 173 198444 173 198700 173 198956 173 199212 173 199468 174 199724 174 199980 174 200236 174 200492 175 200748 175 201004 175 201260 174 201516 173 201772 172 202028 171 202284 170 202540 169 202797 167 203053 166 203309 165 203565 164 203821 163 204078 161 204334 160 204590 159 204846 158 205103 156 205359 154 205615 153 205871 152 206127 151 206384 149 206640 148 206896 147 207152 146 207408 145 207665 143 207921 142 208177 141 208433 140 208690 138 208946 137 209202 136 209458 135 209714 134 209971 131 210227 130 210483 128 210739 127 210995 125 211252 123 211508 121 211764 120 212020 118 212277 116 212533 115 212789 113 213045 112 213301 110 213558 108 213814 106 214070 105 214326 103 214582 102 214839 99 215095 98 215351 96 215607 94 215864 92 216120 90 216376 88 216633 86 216891 82 217148 79 217405 77 217663 73 217920 70 218178 67 218435 64 218572 2 218692 61 218824 6 218950 58 219076 11 219207 55 219328 15 219465 51 219581 19 219722 42 219833 23 219979 25 220085 28 220237 8 220337 32 220591 35 220847 35 221102 37 221358 37 221613 39 221869 39 222124 41 222380 41 222635 43 222891 43 223146 45 223402 45 223657 47 223913 47 224168 49 224424 49 224679 50 224935 51 225190 52 225446 53 225703 52 225959 53 226215 53 226471 54 226728 53 226984 54 227240 54 227497 54 227753 54 228009 55 228265 55 228522 55 228778 55 229034 56 229291 55 229547 56 229803 56 230060 56 230316 56 230572 57 230828 58 231085 59 231341 61 231597 63 231854 64 232110 66 232366 68 232622 70 232879 70 233135 71 233391 72 233647 72 233903 73 234159 73 234415 73 234672 72 234928 73 235184 73 235440 73 235696 73 235952 74 236208 74 236464 74 236719 76 236975 76 237231 76 237487 76 237743 77 237998 78 238254 78 238510 79 238766 79 239021 80 239277 80 239533 81 239789 81 240045 81 240300 82 240556 83 240812 83 241067 84 241322 85 241577 87 241832 88 242086 90 242341 91 242596 93 242851 94 243106 95 243361 96 243616 97 243871 98 244126 99 244381 100 244636 101 244890 103 245145 104 245400 105 245655 106 245910 107 246165 108 246420 109 246675 110 246929 112 247184 113 247439 114 247694 115 247948 116 248203 117 248458 118 248713 118 248968 119 249222 121 249477 121 249732 122 249986 124 250240 125 250495 126 250751 125 251007 125 251264 123 251520 123 251776 122 252032 121 252288 121 252544 120 252801 119 253057 118 253313 118 253569 117 253825 116 254082 115 254338 114 254594 114 254850 113 255106 113 255363 113 255619 113 255875 113 256131 113 256387 114 256643 114 256900 113 257156 113 257412 114 257668 114 257924 114 258181 114 258437 114 258693 114 258950 114 259207 113 259465 111 259722 110 259979 110 260237 108 260494 107 260751 107 261008 106 261266 104 261523 104 261780 103 262038 101 262295 100 262552 99 262809 98 263066 97 263323 97 263580 96 263837 95 264094 94 264351 93 264608 92 264865 91 265122 90 265379 89 265636 88 265893 87 266150 86 266407 85 266664 84 266921 83 267178 82 267435 81 267692 80 267949 79 268206 78 268464 76 268721 75 268978 74 269235 73 269492 72 269749 71 270006 70 270263 69 270520 68 270777 67 271034 66 271291 65 271548 64 271805 63 272062 61 272319 60 272576 59 272833 58 273090 57 273347 56 273604 55 273861 54 274118 53 274375 52 274632 51 274889 50 275145 50 275402 49 275659 48 275916 47 276173 46 276430 45 276686 45 276943 44 277200 43 277457 42 277714 41 277970 41 278227 40 278484 39 278741 38 278998 37 279255 36 279511 36 279768 34 280025 33 280282 32 280539 31 280795 30 281052 29 281309 28 281566 27 281823 25 282079 25 282336 24 282593 23 282850 21 283106 21 283363 20 283619 20 283876 18 284132 18 284389 17 284645 17 284902 16 285158 15 285415 14 285671 14 285928 13 286184 12 286441 11 286698 10 286954 10 287211 8 287467 8 287724 7 287980 7 288237 5 288493 5 288750 4 289006 4 289263 2 289519 2 289776 1
0014fce06.jpg,3,229501 11 229741 33 229981 55 230221 77 230468 92 230623 10 230724 95 230845 11 230869 28 230979 97 231094 63 231235 97 231344 70 231490 99 231593 79 231746 183 232002 184 232257 186 232513 186 232769 185 233024 186 233280 185 233535 186 233791 185 234047 185 234302 186 234558 186 234813 186 235069 186 235327 184 235586 181 235845 177 236103 175 236362 172 236621 78 236714 71 236880 57 236972 61 237139 44 237229 52 237397 32 237486 11 237513 16 237656 19 237744 3 237915 6
0025bde0c.jpg,3,8458 14 8707 35 8963 48 9219 71 9475 88 9731 88 9987 89 10243 89 10499 90 10755 90 11011 91 11267 91 11523 92 11779 92 12035 93 12291 93 12547 94 12803 94 13060 94 13316 94 13572 95 13828 95 14084 96 14340 96 14596 96 14852 96 15108 96 15364 96 15620 96 15876 96 16132 97 16388 97 16644 97 16900 97 17156 97 17412 97 17668 97 17925 96 18181 96 18437 96 18693 96 18949 96 19205 96 19462 95 19718 95 19974 95 20230 96 20486 96 20742 96 20999 95 21255 95 21511 95 21767 95 22023 95 22279 95 22536 94 22792 94 23048 94 23304 94 23560 94 23816 95 24073 94 24329 94 24585 94 24841 94 25097 94 25353 94 25610 93 25866 93 26122 93 26378 93 26634 93 26890 93 27147 92 27403 93 27659 93 27915 93 28171 93 28427 93 28684 92 28940 92 29196 92 29452 92 29708 92 29964 92 30220 92 30476 92 30732 92 30988 93 31244 93 31500 93 31756 93 32012 93 32268 93 32524 93 32780 93 33036 93 33292 93 33548 93 33804 93 34060 93 34316 93 34572 94 34828 94 35084 94 35340 94 35596 94 35852 94 36108 94 36364 94 36620 94 36876 94 37132 94 37388 94 37644 94 37900 94 38156 95 38412 95 38668 95 38924 95 39180 95 39436 95 39692 95 39948 95 40205 94 40461 94 40717 94 40974 93 41230 93 41487 92 41743 93 41999 93 42256 92 42512 92 42768 92 43025 91 43281 91 43538 90 43794 90 44050 90 44307 89 44563 88 44819 88 45076 87 45332 87 45589 86 45845 86 46101 86 46358 85 46614 84 46871 83 47128 82 47385 81 47642 80 47899 79 48156 78 48413 77 48670 76 48927 74 49184 73 49441 72 49698 71 49955 70 50212 69 50469 68 50726 67 50983 65 51240 64 51496 64 51753 63 52010 62 52267 60 52524 59 52781 57 53038 55 53295 53 53552 52 53809 50 54066 48 54323 47 54580 45 54837 43 55094 42 55351 40 55608 38 55865 36 56122 35 56379 33 56637 30 56897 26 57157 21 57417 16 57677 11 57937 7 58197 2 214174 20 214418 32 214662 44 214910 52 215162 56 215413 61 215665 64 215917 68 216168 73 216420 77 216673 80 216929 80 217184 81 217440 81 217696 81 217952 81 218208 81 218464 80 218720 80 218976 80 219232 80 219488 80 219744 80 220000 80 220256 80 220512 80 220770 78 221029 74 221288 71 221548 67 221807 64 222066 61 222325 58 227653 4 227901 14 228149 24 228398 33 228646 43 228897 50 229150 55 229403 60 229656 65 229909 70 230162 75 230415 80 230668 85 230921 89 231175 91 231431 91 231687 91 231944 90 232200 90 232456 90 232711 91 232967 91 233223 91 233479 91 233735 91 233990 92 234246 92 234502 92 234758 92 235014 92 235270 92 235526 92 235782 92 236038 92 236294 92 236549 93 236805 93 237061 93 237317 93 237573 90 237830 85 238088 79 238345 74 238603 68 238860 63 239117 57 239375 51 239632 46 239890 40 240154 28 240424 10 257863 6 258112 17 258361 29 258610 41 258860 51 259109 61 259358 67 259610 71 259866 70 260122 70 260378 69 260633 70 260889 69 261145 68 261401 68 261657 67 261913 67 262169 66 262425 65 262680 66 262936 65 263192 65 263448 64 263705 63 263961 62 264218 56 264475 47 264731 39 264988 30 265245 21 265501 13 265758 4 275013 8 275259 25 275505 42 275751 59 276000 70 276251 75 276503 79 276754 84 277007 88 277263 88 277520 87 277776 87 278032 87 278289 86 278545 86 278801 86 279058 86 279314 86 279570 86 279826 86 280083 85 280339 85 280595 85 280852 85 281108 85 281364 31 281410 39 281621 25 281692 13 281877 20 282133 14 282390 8 282646 3 298578 5 298827 14 299077 22 299326 31 299575 40 299825 49 300074 58 300323 67 300573 75 300824 82 301078 86 301332 88 301585 90 301839 92 302093 93 302347 95 302603 94 302859 94 303115 93 303370 94 303626 93 303882 93 304138 93 304395 91 304653 89 304910 87 305168 85 305426 82 305683 81 305941 78 306198 77 306456 74 306714 72 306971 53 307229 17
0025bde0c.jpg,4,315139 8 315395 15 315651 16 315906 17 316162 18 316418 19 316674 19 316930 20 317186 20 317441 22 317697 23 317953 23 318209 24 318465 25 318721 25 318977 26 319233 27 319489 27 319745 28 320001 28 320257 29 320513 30 320769 30 321025 31 321281 32 321537 32 321793 33 322049 34 322305 34 322561 35 322817 35 323073 36 323329 37 323585 37 323841 38 324097 38 324353 38 324609 38 324865 37 325121 37 325377 37 325633 37 325889 37 326145 37 326401 36 326657 36 326913 36 327169 36 327425 36 327681 36 327937 36 328193 35 328449 35 328705 35 328961 35 329217 35 329473 35 329729 34 329985 34 330241 34 330497 34 330753 34 331009 34 331265 34 331521 33 331777 33 332033 33 332289 33 332545 33 332801 33 333057 32 333313 32 333569 32 333825 32 334081 32 334337 32 334593 31 334849 31 335105 31 335361 31 335617 31 335873 31 336129 31 336385 30 336641 30 336897 30 337153 30 337409 30 337665 30 337921 29 338177 29 338433 29 338689 29 338945 29 339201 30 339457 30 339713 31 339969 31 340225 32 340481 32 340737 33 340993 33 341249 34 341505 34 341761 34 342017 35 342273 35 342529 36 342785 36 343041 37 343297 37 343553 38 343809 38 344065 38 344321 39 344577 39 344833 40 345089 40 345345 41 345601 41 345857 42 346113 42 346369 43 346625 43 346881 43 347137 44 347393 44 347649 45 347905 45 348161 46 348417 46 348673 47 348929 47 349185 48 349441 48 349697 48 349953 47 350209 47 350465 46 350721 46 350977 46 351233 45 351489 45 351745 45 352001 44 352257 44 352513 43 352769 43 353025 43 353281 42 353537 42 353793 42 354049 41 354305 41 354561 40 354817 40 355073 40 355329 39 355585 39 355714 25 355841 38 355962 54 356097 38 356211 61 356354 37 356459 69 356610 36 356708 76 356866 36 356956 85 357122 36 357208 89 357378 35 357462 91 357634 35 357717 92 357890 34 357972 93 358146 34 358226 95 358402 34 358481 96 358658 33 358735 99 358914 33 358990 100 359170 33 359245 101 359426 32 359499 103 359682 32 359754 104 359938 31 360010 104 360194 31 360266 105 360451 28 360522 105 360707 25 360777 106 360963 21 361033 106 361219 18 361289 106 361475 15 361545 106 361731 12 361801 106 361987 9 362057 107 362243 5 362313 107 362499 2 362569 107 362824 108 363080 108 363336 108 363592 108 363848 109 364104 109 364360 109 364616 109 364871 110 365127 110 365383 110 365639 111 365895 111 366151 111 366407 111 366663 111 366918 112 367174 113 367430 113 367686 113 367942 113 368198 113 368454 113 368709 114 368965 115 369221 115 369477 115 369733 115 369989 115 370245 115 370501 115 370756 117 371012 117 371268 117 371524 117 371780 117 372036 117 372292 118 372548 118 372803 119 373059 119 373315 119 373571 119 373827 119 374083 120 374339 120 374595 120 374850 121 375106 120 375362 120 375618 119 375875 117 376133 115 376391 112 376649 109 376907 107 377165 104 377423 101 377681 98 377938 97 378196 94 378454 91 378712 89 378970 86 379228 83 379486 81 379744 78 380001 76 380259 74 380516 72 380774 69 381031 68 381288 66 381546 63 381803 61 382061 59 382318 57 382576 54 382833 53 383091 50 383348 48 383605 47 383863 44 384120 42 384378 40 384636 37 384895 33 385154 30 385412 27 385671 23 385930 19 386189 16 386448 12 386706 9 386965 6 387224 2
002af848d.jpg,4,290800 6 291055 13 291311 15 291566 18 291822 18 292077 19 292333 19 292588 20 292844 20 293099 21 293354 22 293610 22 293865 23 294121 23 294376 24 294632 24 294887 25 295143 25 295398 26 295654 26 295909 27 296165 27 296421 27 296677 27 296932 27 297188 27 297444 27 297699 28 297955 28 298211 28 298466 29 298722 29 298979 28 299235 28 299492 27 299748 27 300005 26 300261 26 300518 25 300775 24 301031 24 301288 23 301544 23 301801 22 302057 22 302314 21 302571 20 302829 18 303086 17 303343 16 303599 16 303856 15 304113 14 304369 14 304626 13 304882 13 305139 12 305396 11 305652 11 305909 10 306165 10 306421 10 306677 10 306933 10 307188 11 307444 10 307699 11 307953 13 308207 15 308461 17 308715 19 308969 21 309223 23 309478 24 309732 26 309987 27 310243 27 310498 28 310754 28 311009 29 311265 29 311520 30 311776 30 312031 31 312290 28 312550 24 312811 18 313071 14 313332 8 313592 3 354019 2 354029 8 354274 22 354529 26 354785 29 355040 32 355296 32 355551 33 355806 34 356062 34 356317 35 356573 35 356829 35 357084 36 357340 36 357596 36 357852 36 358108 36 358364 36 358620 36 358876 36 359132 36 359387 37 359643 37 359898 37 360154 37 360409 38 360664 39 360919 40 361175 40 361430 41 361685 42 361940 43 362196 43 362451 44 362706 45 362961 46 363217 46 363472 47 363727 48 363982 49 364238 49 364493 50 364748 51 365003 52 365258 53 365513 54 365767 56 366022 57 366277 58 366532 20 366554 37 366787 20 366810 37 367042 21 367067 36 367297 21 367323 35 367552 22 367580 34 367807 23 367836 34 368063 22 368092 33 368319 22 368347 34 368575 21 368602 35 368830 22 368857 36 369086 21 369111 37 369342 19 369366 38 369598 18 369621 39 369854 16 369875 40 370111 14 370130 41 370367 14 370385 42 370624 12 370641 41 370881 10 370897 41 371153 38 371408 34 371664 30 371920 28 372180 21 372443 12
002fc4e19.jpg,1,146021 3 146275 10 146529 40 146783 46 147038 52 147292 59 147546 65 147800 70 148055 71 148311 72 148566 73 148822 74 149077 75 149333 76 149588 77 149844 78 150100 78 150357 75 150614 72 150870 70 151127 67 151384 64 151641 59 151897 53 152154 46 152411 22
002fc4e19.jpg,2,145658 7 145901 20 146144 33 146386 47 146629 60 146872 73 147115 86 147364 93 147620 93 147876 93 148132 93 148388 93 148644 93 148900 93 149156 93 149412 93 149668 46
0030401a5.jpg,4,186833 1 187089 3 187344 6 187600 7 187855 10 188111 11 188366 14 188622 16 188877 18 189133 20 189388 22 189644 24 189900 26 190155 28 190411 28 190666 29 190922 29 191178 29 191433 30 191689 30 191944 31 191987 3 192200 31 192241 9 192455 32 192495 15 192711 32 192750 19 192967 32 193004 21 193222 33 193259 22 193478 33 193513 24 193733 60 193989 60 194247 58 194506 55 194766 51 195025 48 195284 45 195543 42 195802 39 196061 36 196319 34 196576 33 196834 31 197091 30 197348 29 197605 28 197862 27 198120 25 198377 24 198635 22 198894 19 199153 16 199411 14 199670 11 199930 7 200190 3 218855 3 219106 9 219357 14 219608 20 219858 27 220107 34 220358 40 220612 43 220865 46 221119 49 221373 52 221626 55 221879 59 222132 62 222385 65 222638 67 222891 70 223145 72 223398 75 223651 77 223905 79 224160 80 224415 82 224669 84 224924 85 225179 87 225429 93 225678 100 225929 105 226180 111 226432 115 226683 120 226936 124 227191 125 227446 126 227701 128 227934 5 227956 129 228186 12 228211 130 228440 158 228695 159 228949 161 229204 162 229458 165 229712 167 229964 171 230218 174 230473 175 230729 175 230984 177 231240 177 231495 178 231750 179 232006 180 232261 181 232517 181 232718 11 232773 181 232970 16 233028 183 233223 20 233284 183 233475 25 233540 183 233729 28 233796 184 233985 29 234052 184 234241 30 234309 183 234497 31 234565 183 234753 32 234821 184 235009 33 235077 184 235265 34 235333 184 235521 35 235589 184 235777 35 235846 183 236033 35 236102 183 236289 36 236358 183 236545 36 236614 184 236801 36 236870 184 237057 36 237126 184 237313 36 237381 185 237569 37 237637 185 237825 37 237893 185 238081 37 238149 185 238337 37 238405 185 238593 38 238661 185 238849 38 238916 186 239105 38 239172 187 239361 39 239428 187 239617 39 239684 187 239874 39 239939 188 240130 39 240195 188 240386 40 240450 189 240642 40 240706 189 240898 41 240961 190 241154 42 241217 190 241410 42 241472 191 241666 43 241728 191 241922 43 241983 193 242178 44 242239 193 242434 44 242494 194 242690 45 242750 194 242946 45 243007 193 243202 46 243263 193 243458 46 243520 192 243714 47 243776 192 243970 47 244033 191 244226 47 244289 191 244482 47 244546 191 244738 47 244802 191 244995 46 245059 190 245251 46 245317 30 245348 157 245507 46 245575 27 245608 153 245763 46 245833 25 245865 152 246019 47 246091 22 246121 152 246275 47 246349 20 246377 152 246531 47 246606 18 246633 152 246787 47 246862 18 246889 152 247043 47 247119 17 247145 152 247299 47 247376 15 247401 152 247555 47 247633 14 247657 152 247811 47 247889 13 247913 152 248066 48 248146 12 248169 152 248322 48 248403 10 248425 152 248578 48 248660 9 248681 152 248834 49 248916 9 248937 202 249173 7 249193 202 249430 6 249449 202 249687 4 249705 202 249943 4 249961 202 250200 2 250218 150 250369 50 250457 1 250474 150 250625 51 250730 150 250881 51 250986 150 251137 51 251242 150 251393 51 251498 149 251649 51 251754 149 251905 52 252010 97 252110 49 252161 52 252266 97 252368 47 252417 53 252522 97 252626 45 252673 53 252778 97 252884 42 252929 53 253034 96 253142 40 253185 54 253290 96 253400 38 253441 54 253546 96 253658 35 253697 55 253802 95 253916 33 253953 55 254059 94 254175 29 254209 55 254315 94 254433 26 254465 56 254571 94 254691 24 254721 56 254827 93 254950 20 254977 57 255083 93 255208 17 255233 57 255339 93 255467 14 255489 58 255595 93 255725 11 255745 58 255851 93 255983 8 256002 57 256107 93 256242 5 256258 58 256362 94 256500 2 256514 58 256618 94 256770 59 256874 94 257026 59 257129 95 257282 59 257385 94 257538 60 257641 94 257794 60 257896 95 258050 61 258152 94 258306 61 258408 94 258562 62 258663 95 258818 62 258919 94 259074 63 259175 94 259330 63 259430 95 259586 63 259686 94 259843 63 259942 94 260099 63 260197 95 260355 64 260453 94 260611 64 260709 94 260867 65 260965 94 261123 65 261221 93 261379 66 261477 93 261635 66 261733 93 261891 66 261988 93 262147 67 262244 93 262403 67 262500 93 262659 68 262756 92 262915 68 263012 92 263171 69 263268 92 263427 69 263523 92 263683 70 263778 93 263939 70 264032 95 264195 71 264287 95 264451 71 264542 96 264707 72 264797 97 264963 72 265053 97 265219 72 265308 97 265475 73 265564 97 265731 73 265819 98 265987 74 266075 98 266243 74 266331 97 266499 75 266586 98 266755 75 266842 98 267011 75 267097 98 267267 76 267353 98 267523 76 267609 97 267779 77 267864 98 268035 77 268120 98 268291 78 268375 98 268547 78 268631 98 268803 79 268886 98 269059 79 269142 98 269315 80 269397 99 269570 81 269652 99 269826 181 270082 180 270338 180 270594 179 270850 179 271106 179 271362 178 271618 178 271874 177 272130 177 272386 175 272642 173 272897 172 273153 169 273409 167 273665 165 273921 129 274052 31 274177 129 274312 25 274433 128 274571 20 274689 127 274830 14 274945 127 275090 8 275201 126 275349 3 275457 126 275713 125 275969 124 276225 124 276481 60 276542 62 276737 61 276800 59 276993 63 277058 57 277249 64 277316 54 277505 65 277574 52 277761 66 277832 49 278017 67 278091 45 278273 68 278349 43 278529 68 278607 40 278785 69 278865 36 279041 69 279123 32 279297 70 279381 28 279553 70 279639 23 279809 71 279898 18 280065 71 280157 12 280321 72 280415 8 280577 72 280674 3 280833 73 281089 73 281345 74 281601 74 281857 75 282113 76 282369 76 282625 77 282881 78 283137 78 283393 79 283649 79 283905 80 284161 81 284417 81 284673 82 284929 83 285185 83 285441 84 285697 84 285953 85 286209 86 286465 86 286721 87 286977 88 287233 88 287489 89 287745 89 288001 90 288257 92 288513 93 288769 94 289025 96 289281 97 289537 98 289793 99 290049 101 290305 102 290561 103 290817 105 291073 107 291329 110 291585 113 291841 115 292097 117 292353 119 292609 120 292865 121 293121 123 293377 124 293633 124 293889 125 294145 125 294401 126 294657 126 294913 126 295169 127 295425 127 295681 127 295937 128 296193 128 296449 129 296705 129 296961 129 297217 130 297473 130 297729 130 297985 131 298241 131 298497 132 298753 132 299009 132 299265 131 299521 131 299777 131 300033 130 300289 130 300545 130 300801 130 301057 129 301313 129 301569 129 301825 128 302081 128 302337 128 302593 127 302849 127 303105 127 303361 128 303617 128 303873 128 304129 129 304385 129 304641 129 304897 130 305153 130 305409 130 305665 131 305921 131 306177 131 306433 132 306689 132 306945 132 307201 132 307457 132 307713 132 307969 132 308225 132 308481 132 308737 132 308993 132 309249 132 309505 132 309761 132 310017 132 310273 132 310529 132 310785 122 311041 110 311297 109 311553 108 311809 108 312065 107 312321 107 312577 67 312645 38 312833 66 312902 37 313089 65 313160 35 313345 65 313417 33 313601 64 313674 32 313857 63 313931 30 314113 62 314188 29 314369 61 314446 26 314625 61 314703 25 314881 61 314960 24 315137 61 315217 22 315393 61 315474 21 315649 60 315732 18 315905 60 315989 17 316161 60 316246 15 316417 60 316503 14 316673 60 316760 11 316929 60 317018 6 317185 59 317275 2 317441 59 317697 59 317953 59 318209 59 318465 58 318721 58 318977 58 319233 58 319489 57 319745 57 320001 57 320257 57 320513 57 320769 56 321025 56 321281 56 321537 56 321793 55 322049 55 322305 55 322561 55 322817 54 323073 54 323329 54 323585 53 323841 53 324097 53 324353 53 324609 52 324865 52 325121 52 325377 51 325633 51 325889 51 326145 50 326402 49 326658 49 326914 49 327170 48 327426 48 327682 48 327938 48 328194 48 328450 49 328706 49 328962 49 329218 49 329474 49 329730 49 329986 50 330242 50 330498 50 330754 50 331010 49 331266 48 331522 47 331778 46 332035 44 332291 43 332547 42 332803 41 333059 40 333315 39 333571 38 333827 37 334083 36 334339 35 334595 34 334852 31 335110 27 335368 23 335626 19 335884 15 336142 11 336400 6 336658 2
0046839bd.jpg,3,152926 1 153180 4 153434 6 153689 8 153943 11 154198 12 154453 14 154708 15 154963 15 155218 16 155473 16 155728 17 155983 18 156238 18 156493 19 156748 19 157003 20 157257 22 157512 23 157767 24 158022 25 158277 26 158531 28 158785 30 159040 31 159294 33 159548 35 159803 36 160058 37 160314 37 160569 38 160824 39 161079 40 161335 40 161590 41 161846 41 162101 41 162357 41 162612 42 162868 42 163123 42 163379 42 163634 43 163890 43 164145 43 164401 43 164656 44 164912 44 165168 44 165423 45 165679 46 165934 47 166190 47 166445 48 166701 48 166957 48 167212 49 167468 49 167723 51 167980 50 168236 50 168493 49 168749 48 169006 47 169262 46 169519 45 169776 43 170032 43 170289 42 170545 42 170802 41 171058 41 171315 40 171571 40 171827 41 172084 40 172340 40 172596 40 172853 39 173109 39 173365 39 173622 38 173878 38 174134 38 174391 37 174647 37 174903 37 175158 37 175414 37 175670 37 175925 38 176181 38 176436 39 176692 39 176947 41 177203 41 177458 42 177713 43 177968 44 178224 44 178479 46 178736 45 178992 45 179249 44 179506 43 179762 43 180019 42 180276 41 180532 40 180789 39 181046 38 181303 37 181559 37 181816 36 182073 35 182329 35 182586 33 182842 33 183099 32 183355 32 183611 32 183868 31 184124 31 184380 32 184637 31 184893 31 185150 30 185406 30 185663 29 185920 28 186176 28 186433 28 186690 27 186946 27 187203 26 187459 26 187716 25 187972 26 188229 25 188485 25 188742 25 189000 23 189258 21 189517 18 189775 17 190033 15 190291 13 190547 14 190804 13 191061 12 191317 12 191574 11 191830 11 192087 11 192343 11 192600 10 192856 10 193113 9 193369 9 193626 8 193882 8 194139 8 194395 8 194652 7 194909 6 195166 5 195423 5 195680 4 195937 3 196194 2 196451 2 196708 1
005d86c25.jpg,3,331 18 587 53 843 89 1099 124 1355 159 1611 177 1867 177 2123 177 2380 177 2636 177 2892 177 3148 177 3404 177 3660 177 3916 177 4172 177 4428 177 4684 177 4940 177 5196 177 5452 177 5708 177 5964 177 6220 177 6477 176 6733 176 6989 176 7245 176 7501 176 7757 176 8013 176 8269 176 8525 176 8781 176 9037 176 9293 176 9549 176 9805 176 10061 176 10317 176 10574 174 10830 174 11086 174 11342 174 11598 174 11854 174 12110 174 12366 174 12622 174 12878 174 13134 174 13390 174 13646 174 13902 174 14158 174 14414 174 14671 173 14927 173 15183 173 15439 173 15695 173 15951 173 16207 173 16463 173 16719 173 16975 173 17231 173 17487 173 17743 173 17999 173 18255 173 18512 172 18768 172 19024 172 19280 172 19536 172 19792 172 20048 172 20304 172 20560 172 20816 172 21072 172 21328 172 21584 172 21840 172 22096 172 22352 172 22609 171 22865 171 23121 171 23377 171 23595 2 23633 171 23851 4 23889 171 24106 8 24145 171 24362 11 24401 171 24618 13 24657 171 24874 16 24913 171 25129 19 25169 171 25385 22 25425 171 25641 25 25681 171 25896 28 25937 170 26152 30 26193 170 26408 30 26449 170 26663 31 26706 169 26919 30 26962 169 27175 30 27218 169 27431 30 27474 169 27686 31 27730 169 27942 30 27986 169 28198 30 28242 169 28453 31 28498 169 28709 31 28754 169 28965 30 29009 170 29220 31 29265 170 29476 31 29521 170 29732 31 29776 171 29988 30 30032 171 30243 31 30288 171 30499 31 30543 172 30755 31 30799 172 31010 31 31055 172 31266 31 31310 173 31522 31 31566 173 31777 32 31821 174 32033 31 32077 174 32289 31 32333 174 32545 31 32588 175 32800 32 32844 175 33056 31 33100 175 33312 31 33355 176 33567 32 33611 176 33823 32 33867 176 34079 31 34122 177 34334 32 34378 177 34590 32 34634 177 34846 32 34889 178 35102 31 35145 178 35357 32 35401 178 35613 32 35656 179 35869 32 35912 179 36124 32 36168 179 36380 32 36423 180 36636 32 36679 180 36891 33 36935 180 37147 32 37190 181 37403 32 37446 181 37659 32 37701 182 37914 33 37957 182 38170 32 38213 182 38426 32 38468 183 38681 33 38724 183 38937 33 38980 183 39193 32 39235 184 39448 33 39491 184 39704 33 39747 184 39960 33 40002 185 40216 32 40258 185 40471 33 40514 185 40727 33 40769 186 40983 33 41025 186 41238 33 41281 186 41494 33 41536 186 41750 33 41792 186 42005 34 42048 186 42261 33 42303 187 42517 33 42559 187 42773 33 42814 188 43028 34 43070 188 43284 33 43326 188 43540 33 43581 189 43795 34 43837 189 44051 34 44093 189 44307 33 44348 190 44562 34 44604 190 44818 34 44860 190 45074 34 45115 191 45330 33 45371 191 45585 34 45627 191 45841 34 45883 191 46097 34 46139 191 46352 34 46395 191 46608 34 46651 191 46864 34 46907 191 47119 35 47162 192 47375 34 47418 192 47631 34 47674 192 47887 34 47930 192 48142 35 48186 192 48398 34 48442 192 48654 34 48698 192 48909 35 48954 192 49165 35 49210 192 49421 34 49466 192 49676 35 49722 192 49932 35 49978 192 50188 35 50234 192 50444 34 50490 192 50699 35 50745 193 50955 35 51001 193 51211 35 51257 193 51466 35 51513 193 51722 35 51769 193 51978 35 52025 193 52233 36 52281 193 52489 35 52537 193 52745 35 52793 193 53001 35 53049 193 53256 36 53305 193 53512 35 53561 193 53768 35 53817 193 54023 36 54073 193 54279 36 54328 194 54535 35 54584 194 54790 36 54840 194 55046 36 55096 194 55302 36 55352 194 55558 35 55608 194 55813 36 55864 194 56069 36 56120 194 56325 36 56376 194 56581 35 56632 194 56837 35 56888 193 57093 35 57144 193 57349 35 57400 193 57605 34 57656 193 57861 34 57911 194 58117 34 58167 194 58373 34 58423 194 58629 33 58679 194 58885 33 58935 194 59141 33 59191 194 59397 33 59447 194 59653 32 59703 194 59909 32 59959 194 60165 32 60215 194 60421 32 60471 194 60677 31 60727 194 60933 31 60983 194 61189 31 61239 194 61445 31 61494 195 61701 30 61750 195 61957 30 62006 195 62213 30 62262 195 62469 30 62518 195 62725 29 62774 195 62981 29 63030 195 63237 29 63286 195 63493 29 63542 195 63749 28 63798 195 64005 28 64054 195 64262 27 64310 195 64518 27 64566 195 64774 26 64822 195 65030 26 65077 196 65286 26 65333 196 65542 26 65589 196 65798 25 65845 196 66054 25 66101 196 66310 25 66357 196 66566 25 66613 196 66822 24 66869 196 67078 24 67125 196 67334 24 67381 196 67590 24 67637 196 67846 23 67893 196 68102 23 68149 196 68358 23 68405 196 68614 23 68660 197 68870 22 68916 197 69126 22 69172 197 69382 22 69428 197 69638 22 69684 197 69894 21 69940 197 70150 21 70196 197 70406 21 70451 198 70662 19 70707 198 70918 16 70962 199 71174 13 71218 199 71430 10 71473 200 71686 8 71729 200 71942 5 71984 201 72198 2 72240 201 72495 202 72751 202 73006 203 73262 203 73517 204 73773 204 74028 205 74284 205 74539 206 74795 206 75050 207 75306 207 75561 208 75817 208 76072 209 76328 209 76583 210 76839 210 77094 211 77350 211 77605 212 77860 213 78116 213 78371 214 78627 214 78882 215 79138 215 79393 216 79649 216 79904 217 80160 217 80415 218 80671 218 80926 219 81182 219 81437 220 81693 220 81948 221 82204 221 82459 222 82715 222 82970 223 83226 223 83481 224 83737 224 83992 225 84248 225 84503 226 84759 226 85014 227 85270 227 85525 228 85781 228 86036 229 86292 229 86547 230 86803 230 87058 231 87314 231 87569 232 87825 232 88080 233 88336 233 88591 234 88847 234 89103 234 89358 235 89614 235 89869 236 90125 236 90380 237 90636 237 90891 238 91147 238 91402 239 91658 239 91913 240 92169 240 92425 240 92680 241 92936 241 93191 242 93447 242 93702 243 93958 243 94213 244 94469 244 94724 245 94980 245 95235 246 95491 246 95746 247 96002 247 96258 247 96514 247 96770 247 97026 247 97282 247 97538 247 97794 247 98050 247 98306 247 98562 247 98818 247 99074 247 99330 247 99586 247 99842 247 100098 247 100354 247 100610 247 100866 246 101122 246 101378 245 101634 245 101890 244 102146 244 102402 243 102658 243 102914 242 103170 242 103426 241 103682 241 103938 240 104194 240 104450 239 104706 239 104962 238 105218 238 105474 237 105730 237 105986 236 106242 236 106498 236 106754 235 107010 235 107266 235 107522 234 107778 234 108034 233 108290 233 108546 233 108802 232 109058 232 109314 232 109570 231 109826 231 110082 231 110338 231 110594 231 110850 231 111106 231 111362 231 111618 231 111874 231 112130 231 112386 231 112642 231 112898 231 113154 231 113410 230 113666 230 113922 230 114178 230 114434 230 114690 230 114946 230 115202 230 115458 230 115714 230 115970 230 116226 230 116482 230 116738 230 116994 230 117250 230 117506 230 117762 230 118018 230 118274 230 118530 230 118786 230 119042 230 119298 230 119554 230 119810 230 120066 230 120322 229 120578 229 120834 229 121090 229 121346 229 121602 229 121858 229 122114 229 122370 229 122626 229 122882 229 123138 229 123394 229 123650 229 123906 229 124162 228 124418 228 124674 228 124930 227 125186 227 125442 227 125698 226 125954 226 126210 226 126466 225 126722 225 126978 225 127234 224 127490 224 127746 224 128002 223 128258 223 128514 223 128770 222 129026 222 129282 222 129538 221 129794 221 130050 221 130306 220 130562 220 130818 221 131074 221 131330 222 131586 222 131842 223 132098 224 132354 224 132610 225 132866 226 133122 226 133378 227 133634 227 133890 228 134146 229 134402 229 134658 230 134914 231 135170 231 135426 232 135682 232 135938 233 136194 234 136450 234 136706 235 136961 237 137217 237 137473 238 137729 238 137985 239 138241 240 138497 240 138753 241 139009 242 139265 242 139521 243 139777 243 140033 244 140289 245 140545 245 140801 246 141057 247 141313 247 141569 248 141825 248 142081 249 142337 250 142593 250 142849 251 143105 252 143361 252 143617 253 143873 253 144129 254 144385 254 144641 254 144897 254 145153 254 145409 254 145665 254 145921 254 146177 254 146433 254 146689 254 146945 254 147201 254 147457 254 147713 254 147969 254 148225 254 148481 254 148737 254 148993 254 149249 254 149505 254 149761 254 150017 254 150273 254 150529 254 150785 254 151041 255 151297 255 151553 255 151809 255 152065 255 152321 255 152577 255 152833 255 153089 255 153345 255 153601 255 153857 255 154113 255 154369 255 154625 255 154881 255 155137 255 155393 255 155649 255 155905 255 156161 255 156417 255 156673 255 156929 255 157185 255 157441 255 157697 255 157953 255 158209 255 158465 255 158721 255 158977 255 159233 255 159489 255 159745 255 160001 255 160257 255 160513 255 160769 255 161025 255 161281 255 161537 255 161793 255 162049 255 162305 255 162561 255 162817 255 163073 255 163329 255 163585 255 163841 255 164097 255 164353 10940 175298 241 175556 229 175813 224 176070 223 176328 221 176585 220 176842 219 177100 217 177357 216 177614 215 177872 49 177922 163 178129 48 178179 162 178386 47 178436 161 178644 45 178693 160 178901 44 178949 160 179158 43 179206 159 179416 41 179463 158 179673 40 179720 157 179930 39 179977 156 180188 37 180234 155 180445 36 180491 154 180702 35 180748 153 180960 33 181005 152 181217 32 181261 152 181474 31 181518 151 181732 29 181775 151 181989 28 182032 150 182246 27 182289 149 182504 25 182546 148 182762 23 182803 147 183021 20 183061 145 183280 17 183318 144 183539 14 183575 143 183798 11 183832 142 184057 8 184089 141 184316 5 184347 139 184575 2 184604 138 184861 137 185118 136 185375 135 185633 133 185890 132 186147 131 186404 130 186662 128 186919 127 187176 126 187433 125 187690 109 187948 92 188205 90 188462 88 188719 86 188977 83 189234 81 189491 79 189748 77 190005 75 190263 72 190520 70 190777 68 191034 66 191291 64 191549 61 191806 59 192063 57 192320 55 192578 52 192835 50 193092 48 193349 46 193606 44 193864 39 194121 33 194378 27 194635 21 194892 16 195150 9 195407 3
005f02e20.jpg,3,318652 8 318863 6 318903 17 319114 15 319158 20 319368 21 319413 22 319622 26 319667 26 319876 32 319922 28 320130 36 320177 30 320385 38 320432 32 320641 39 320687 35 320896 41 320942 37 321152 41 321198 39 321408 42 321453 42 321663 44 321708 44 321919 89 322174 90 322430 90 322687 89 322943 88 323200 87 323456 87 323713 86 323970 85 324226 85 324483 84 324739 84 324996 83 325251 82 325506 80 325762 78 326017 76 326272 75 326526 74 326781 72 327036 70 327290 70 327545 68 327799 67 328054 65 328309 62 328563 42 328609 15 328818 43 328872 5 329073 43 329327 44 329582 45 329837 45 330091 46 330346 47 330601 47 330857 46 331113 44 331370 42 331626 40 331882 8
005f19695.jpg,3,123137 7 123393 19 123649 32 123905 44 124161 57 124417 69 124673 82 124929 94 125185 107 125441 119 125697 126 125953 125 126209 124 126465 123 126721 122 126977 121 127233 120 127489 119 127745 118 128021 97 128315 58 128609 19 133889 7 134145 21 134401 35 134657 49 134913 62 135169 76 135425 90 135681 104 135937 118 136193 131 136449 145 136705 159 136961 173 137217 186 137473 200 137740 203 138017 196 138295 181 138572 160 138849 139 139127 117 139404 96 139681 75 139958 54 140236 32 140513 11 146945 6 147201 16 147457 27 147713 38 147969 48 148225 59 148481 70 148737 80 148993 91 149249 101 149505 112 149761 123 150017 133 150273 144 150529 155 150785 165 151041 176 151297 186 151553 197 151809 208 152072 211 152342 208 152611 206 152880 203 153150 195 153419 182 153689 168 153958 155 154228 141 154497 128 154766 115 155036 101 155305 88 155575 74 155844 61 156114 47 156383 34 156652 21 156922 7 173571 10 173827 30 174083 49 174339 69 174595 88 174851 108 175107 127 175363 146 175619 166 175875 185 176131 205 176387 224 176643 244 176899 254 177155 254 177411 254 177667 254 177923 254 178179 254 178435 254 178691 254 178962 239 179246 211 179530 183 179814 155 180098 127 180382 98 180666 70 180950 42 181234 14 289537 6 289793 18 290049 30 290305 41 290561 53 290817 65 291073 77 291329 88 291585 100 291841 112 292097 123 292353 135 292609 147 292865 158 293122 169 293378 181 293634 193 293890 204 294146 216 294402 228 294658 234 294914 233 295170 231 295426 230 295682 228 295938 227 296194 225 296450 224 296724 205 297016 167 297308 130 297599 93 297891 56 298183 18 325889 22 326145 65 326401 108 326657 130 326913 130 327169 130 327425 130 327681 130 327937 130 328193 130 328449 130 328705 130 328961 130 329217 130 329473 130 329729 130 329985 130 330241 130 330497 130 330753 130 331009 130 331265 135 331521 147 331777 158 332033 170 332289 181 332545 193 332801 204 333057 215 333313 227 333569 238 333825 250 334081 3072 337185 224 337505 160 337825 96 338145 32
008621629.jpg,4,215548 3 215798 9 216051 12 216306 13 216560 15 216815 16 217070 17 217326 17 217582 17 217837 18 218093 18 218349 18 218605 18 218861 18 219116 19 219372 19 219628 18 219884 18 220140 18 220395 19 220651 19 220907 19 221163 19 221418 20 221674 20 221930 20 222185 21 222441 21 222696 22 222952 22 223208 22 223463 23 223719 23 223975 23 224230 24 224486 24 224741 25 224997 25 225253 25 225509 25 225765 25 226021 25 226277 25 226533 25 226789 25 227045 25 227300 25 227556 25 227812 25 228068 25 228324 25 228580 25 228836 25 229092 25 229348 25 229604 25 229861 24 230117 24 230373 24 230629 24 230886 23 231142 23 231398 23 231654 23 231911 22 232167 22 232423 22 232679 22 232936 21 233192 21 233448 21 233704 21 233960 21 234217 20 234473 20 234729 20 234985 19 235241 19 235497 19 235754 18 236010 18 236266 18 236522 18 236778 18 237034 18 237289 19 237545 19 237801 19 238057 19 238312 20 238567 21 238822 22 239078 22 239333 23 239588 24 239843 25 240098 26 240353 27 240608 28 240863 29 241119 29 241374 30 241629 31 241871 6 241883 33 242124 48 242378 50 242631 52 242885 54 243139 56 243393 58 243647 60 243901 62 244156 63 244411 64 244667 64 244922 65 245178 65 245433 66 245688 67 245944 67 246199 68 246455 68 246711 68 246966 69 247222 69 247478 69 247734 69 247989 70 248245 70 248501 70 248757 70 249013 70 249269 70 249525 70 249781 70 250037 70 250293 69 250550 68 250806 68 251062 68 251318 68 251574 68 251830 68 252086 68 252342 68 252598 68 252854 68 253111 67 253367 67 253623 67 253879 67 254135 67 254392 66 254648 66 254904 66 255160 66 255417 65 255673 65 255929 65 256186 64 256442 64 256699 63 256955 63 257211 63 257468 62 257724 62 257981 60 258238 59 258495 58 258752 57 259009 56 259266 55 259524 53 259782 51 260040 49 260297 48 260555 46 260813 44 261071 42 261329 40 261588 37 261849 28 262110 17 262372 5 295160 2 295414 4 295667 7 295920 10 296174 12 296427 15 296681 17 296934 20 297188 22 297441 25 297694 28 297948 30 298202 32 298458 32 298714 32 298970 32 299225 33 299480 34 299736 34 299991 35 300246 36 300501 37 300757 37 301012 38 301267 39 301522 40 301778 40 302033 41 302288 42 302543 43 302799 43 303054 44 303308 46 303560 50 303813 53 304065 57 304319 59 304575 59 304830 60 305086 60 305341 61 305597 61 305852 62 306108 62 306364 62 306620 62 306876 62 307132 62 307388 62 307644 62 307900 62 308156 62 308412 62 308668 62 308924 62 309180 62 309436 62 309692 62 309948 62 310204 62 310460 62 310716 62 310971 63 311227 63 311482 64 311738 64 311993 65 312247 67 312501 69 312756 70 313010 72 313265 73 313519 75 313773 77 314028 78 314282 80 314537 81 314791 83 315045 85 315300 86 315555 87 315811 87 316066 88 316322 88 316577 89 316833 89 317088 90 317343 91 317598 92 317854 92 318109 93 318364 94 318619 95 318875 95 319130 96 319385 97 319640 98 319895 99 320150 100 320405 101 320660 102 320915 103 321170 104 321425 105 321680 106 321936 106 322192 106 322448 106 322704 106 322960 106 323216 106 323472 106 323728 106 323984 106 324240 106 324496 106 324752 106 325008 106 325264 106 325520 106 325776 106 326032 106 326288 106 326544 106 326800 106 327056 106 327312 106 327568 106 327825 105 328081 105 328337 105 328593 105 328850 104 329106 104 329362 104 329618 104 329875 103 330131 103 330387 103 330644 102 330900 102 331157 101 331413 101 331670 100 331926 100 332183 99 332439 99 332695 99 332952 98 333208 98 333465 97 333721 97 333978 96 334234 96 334490 96 334747 95 335003 95 335260 94 335516 94 335773 93 336029 93 336286 92 336542 92 336798 92 337055 91 337311 91 337568 90 337824 90 338081 89 338337 89 338594 88 338850 88 339105 89 339360 90 339616 90 339871 91 340126 92 340375 99 340624 106 340879 107 341135 107 341390 108 341645 109 341901 109 342156 110 342412 110 342667 111 342922 112 343178 112 343433 113 343688 114 343944 114 344199 115 344455 115 344711 115 344968 114 345224 114 345480 114 345736 114 345992 114 346248 114 346505 113 346761 113 347017 113 347273 113 347529 113 347786 112 348042 112 348298 112 348554 112 348810 112 349067 111 349323 111 349579 111 349835 111 350091 112 350347 112 350604 111 350860 111 351116 111 351373 110 351631 108 351888 107 352145 106 352403 104 352660 103 352918 101 353175 100 353432 99 353690 97 353948 95 354206 93 354464 91 354723 88 354981 86 355239 84 355497 82 355755 80 356012 79 356270 77 356527 76 356784 75 357041 74 357298 73 357556 71 357813 70 358070 69 358327 68 358585 66 358842 65 359099 64 359356 63 359614 61 359871 60 360128 59 360385 58 360642 57 360900 55 361157 54 361413 54 361670 53 361926 53 362183 52 362439 52 362696 51 362952 51 363209 50 363465 50 363722 49 363978 49 364235 48 364491 48 364747 48 365003 48 365260 47 365516 47 365772 47 366028 47 366285 46 366541 46 366797 46 367053 46 367309 46 367566 45 367822 45 368078 45 368334 45 368591 44 368847 44 369103 44 369359 44 369616 43 369872 43 370128 43 370384 43 370641 42 370897 42 371154 41 371410 41 371667 40 371923 40 372180 39 372436 39 372692 39 372949 38 373205 38 373462 37 373718 37 373975 36 374231 36 374488 35 374744 35 375001 34 375257 34 375514 33 375771 32 376028 31 376284 31 376541 30 376798 29 377055 28 377311 28 377568 27 377825 26 378082 25 378338 25 378595 24 378851 24 379107 24 379363 24 379619 24 379875 24 380131 24 380387 24 380643 24 380899 24 381155 24 381411 24 381667 24 381922 25 382178 25 382434 25 382690 25 382945 26 383201 26 383457 26 383713 26 383968 27 384224 27 384480 27 384735 28 384991 28 385247 28 385503 28 385758 29 386014 29 386270 29 386526 29 386781 30 387037 30 387293 30 387549 30 387805 30 388061 30 388317 30 388573 30 388829 30 389085 30 389341 30 389597 30 389853 30 390108 31 390364 31 390620 31 390876 31 391132 31 391388 31 391644 31 391900 31 392156 31 392412 31 392668 31 392924 31 393181 30 393437 30 393693 30 393949 30 394206 29 394462 29 394718 29 394975 28 395231 28 395487 28 395743 28 396000 27 396256 27 396512 27 396768 27 397025 26 397281 26 397537 26 397794 25 398050 25 398306 25 398562 25 398819 24 399075 24 399331 24 399588 23 399844 23 400101 22 400357 22 400613 22 400870 21 401126 21 401383 20 401639 20 401896 19 402152 19 402408 19 402665 18 402921 18 403178 17 403434 17 403692 15 403951 12 404211 8 404470 5 404729 2
0088260da.jpg,3,26044 13 26283 40 26522 67 26762 92 27001 119 27231 155 27452 195 27686 217 27934 225 28182 234 28430 242 28678 250 28930 254 29186 254 29442 255 29698 255 29954 255 30210 255 30466 2047 32514 255 32770 254 33027 253 33284 252 33540 252 33797 250 34054 249 34310 72 34397 155 34567 51 34664 130 34834 20 34931 105 35198 81 35464 59 35731 35 35998 12 106130 5 106382 13 106634 21 106886 29 107138 37 107390 45 107642 52 107894 56 108146 60 108398 64 108650 68 108904 70 109160 70 109417 69 109673 69 109929 69 110185 69 110442 68 110698 68 110954 68 111211 67 111467 67 111723 67 111979 67 112236 66 112492 66 112748 66 113005 65 113261 65 113517 64 113774 63 114030 63 114286 63 114542 63 114799 62 115055 62 115311 62 115568 61 115824 61 116080 61 116336 61 116593 60 116849 60 117105 60 117361 60 117617 60 117873 60 118129 60 118385 60 118641 60 118897 60 119153 60 119409 60 119665 60 119921 60 120176 61 120432 61 120688 61 120944 61 121200 61 121456 61 121712 61 121968 61 122224 61 122480 61 122736 61 122992 61 123248 61 123504 61 123760 61 124016 61 124272 61 124528 61 124784 60 125040 60 125296 60 125552 60 125808 60 126064 60 126319 61 126575 61 126831 61 127087 61 127343 61 127599 61 127855 61 128111 61 128367 61 128623 61 128879 61 129135 61 129391 61 129647 61 129903 61 130159 61 130415 61 130671 61 130927 61 131183 61 131439 61 131695 61 131951 61 132207 61 132462 62 132718 62 132974 62 133230 62 133486 62 133742 62 133998 62 134254 62 134510 62 134766 62 135022 62 135278 62 135534 62 135790 62 136046 61 136302 61 136558 61 136814 61 137070 61 137326 61 137582 61 137838 61 138094 61 138350 61 138605 62 138861 62 139117 62 139373 62 139629 62 139885 62 140141 62 140397 62 140653 62 140909 62 141165 62 141421 62 141677 62 141933 62 142189 62 142445 62 142701 62 142957 62 143213 62 143469 62 143725 62 143981 61 144237 61 144493 61 144748 62 145004 62 145260 62 145516 62 145772 62 146028 62 146284 62 146540 62 146796 62 147052 62 147308 62 147564 62 147820 62 148076 62 148332 62 148588 62 148844 62 149100 61 149356 61 149612 61 149868 61 150124 61 150380 61 150636 61 150891 62 151147 62 151403 62 151659 62 151915 62 152171 62 152427 62 152683 62 152939 62 153195 62 153451 62 153707 62 153963 62 154219 61 154475 61 154731 61 154987 61 155243 61 155499 61 155755 61 156011 61 156267 61 156523 61 156779 61 157034 62 157290 62 157546 62 157802 62 158058 62 158314 62 158570 62 158826 62 159082 61 159338 61 159594 61 159850 61 160106 61 160362 61 160618 61 160874 61 161130 61 161386 61 161642 61 161898 61 162154 61 162410 61 162665 62 162921 62 163177 62 163433 62 163689 62 163945 62 164201 61 164457 61 164713 61 164969 61 165225 61 165481 61 165737 61 165993 61 166249 61 166505 61 166761 61 167017 61 167272 62 167528 62 167784 62 168040 62 168296 62 168552 62 168808 62 169064 61 169320 61 169576 61 169832 61 170088 61 170344 61 170600 61 170856 61 171112 61 171368 61 171624 61 171880 61 172135 62 172391 62 172647 62 172903 62 173159 62 173415 62 173671 62 173927 62 174183 61 174439 61 174695 61 174951 61 175207 61 175463 61 175719 61 175975 61 176231 61 176487 61 176743 61 176998 62 177254 62 177510 62 177766 62 178022 62 178278 62 178534 62 178790 62 179046 62 179302 61 179558 61 179814 61 180070 61 180326 61 180582 61 180838 61 181094 61 181350 61 181605 62 181861 62 182117 62 182373 62 182629 61 182885 61 183141 61 183397 61 183653 61 183909 61 184165 60 184421 60 184677 60 184933 60 185189 60 185445 60 185701 59 185957 59 186213 59 186468 60 186724 60 186980 60 187236 60 187492 59 187748 59 188004 59 188260 59 188516 59 188772 59 189028 58 189284 58 189540 58 189796 58 190052 58 190308 58 190564 57 190820 57 191076 57 191331 58 191587 58 191843 58 192099 57 192355 57 192611 57 192867 57 193123 57 193379 57 193635 57 193891 56 194147 56 194403 56 194659 56 194915 56 195171 56 195427 55 195683 55 195938 56 196194 56 196450 56 196706 56 196962 55 197218 55 197474 55 197730 55 197986 55 198242 55 198498 55 198754 54 199010 54 199266 54 199522 54 199778 54 200034 54 200290 53 200546 53 200801 54 201057 54 201313 54 201569 54 201825 53 202081 53 202337 53 202593 53 202849 53 203105 53 203361 53 203617 52 203873 52 204129 52 204385 52 204641 52 204897 52 205153 51 205408 52 205664 52 205920 52 206176 52 206432 52 206688 51 206944 51 207200 51 207456 51 207712 51 207968 51 208224 50 208480 50 208736 50 208992 50 209248 50 209504 50 209760 50 210016 49 210271 50 210527 50 210783 50 211039 50 211295 50 211551 49 211807 49 212063 49 212319 49 212575 49 212831 49 213087 48 213343 48 213599 48 213855 48 214111 48 214367 48 214623 48 214879 47 215134 48 215390 48 215646 48 215902 48 216158 48 216414 47 216670 47 216926 47 217182 47 217438 47 217694 47 217950 46 218206 46 218462 46 218718 46 218974 46 219230 46 219486 46 219741 46 219997 46 220253 46 220509 46 220765 46 221021 46 221277 45 221533 45 221789 45 222045 45 222301 45 222556 46 222812 45 223068 45 223323 46 223579 46 223835 46 224090 47 224346 46 224602 46 224857 47 225113 47 225369 47 225624 48 225880 48 226136 47 226391 48 226647 48 226903 48 227158 49 227414 49 227670 48 227925 49 228181 49 228437 49 228692 50 228948 50 229204 49 229459 50 229715 50 229971 50 230226 51 230482 51 230738 51 230993 52 231249 52 231505 52 231760 53 232016 53 232272 53 232527 54 232783 54 233038 55 233294 55 233550 55 233805 57 234061 57 234317 57 234572 58 234828 58 235084 58 235339 59 235595 59 235851 59 236106 60 236362 60 236618 60 236873 61 237129 61 237385 61 237640 62 237896 62 238152 62 238407 63 238663 63 238919 63 239174 64 239430 64 239686 64 239941 65 240197 65 240453 65 240708 66 240964 67 241220 67 241475 68 241731 68 241987 68 242242 69 242498 69 242754 69 243009 70 243265 70 243521 70 243777 70 244032 71 244288 71 244544 71 244800 71 245055 72 245311 72 245567 72 245823 72 246078 73 246334 73 246590 73 246845 74 247101 74 247357 74 247613 74 247868 75 248124 75 248380 76 248636 76 248891 77 249147 77 249403 77 249659 77 249914 78 250170 78 250426 78 250681 79 250937 79 251193 79 251449 79 251704 80 251960 80 252216 80 252472 80 252727 81 252983 81 253239 81 253495 81 253750 82 254006 82 254262 82 254517 83 254773 83 255029 83 255285 83 255540 85 255796 85 256052 85 256308 85 256563 86 256819 86 257075 86 257331 86 257586 87 257842 87 258098 87 258353 88 258609 88 258865 88 259121 88 259376 89 259632 89 259888 89 260144 89 260399 90 260655 90 260911 90 261167 90 261422 91 261678 91 261934 91 262189 92 262445 92 262701 92 262957 93 263212 94 263468 94 263724 94 263980 94 264235 95 264491 95 264747 95 265003 95 265258 96 265514 96 265770 96 266025 97 266281 97 266537 97 266793 97 267048 98 267304 98 267560 98 267816 98 268071 99 268327 99 268583 99 268839 99 269094 100 269350 100 269606 100 269862 100 270117 102 270373 102 270629 102 270885 102 271140 103 271396 103 271652 103 271908 103 272163 104 272419 104 272675 104 272931 104 273187 104 273442 105 273698 105 273954 105 274210 105 274465 106 274721 106 274977 106 275233 106 275488 107 275744 107 276000 107 276256 107 276512 107 276767 108 277023 108 277279 108 277535 108 277790 109 278046 109 278302 109 278558 109 278813 110 279069 110 279325 110 279581 110 279837 110 280092 111 280348 111 280604 111 280860 111 281115 112 281371 112 281627 112 281883 112 282138 113 282394 113 282650 113 282906 113 283162 113 283417 114 283673 114 283929 114 284185 114 284440 115 284696 115 284952 115 285208 115 285463 116 285719 116 285975 116 286231 116 286487 116 286742 117 286998 117 287254 117 287510 117 287765 118 288021 118 288277 118 288533 118 288788 119 289044 119 289300 119 289556 119 289812 119 290067 120 290323 120 290579 120 290835 120 291090 121 291346 121 291602 121 291858 121 292113 122 292369 122 292625 122 292881 122 293137 122 293393 122 293649 122 293904 123 294160 123 294416 123 294672 123 294928 123 295184 123 295440 123 295696 123 295952 123 296208 123 296463 124 296719 124 296975 124 297231 124 297487 124 297743 124 297999 124 298255 124 298511 124 298767 124 299022 125 299278 125 299534 125 299790 125 300046 125 300302 125 300558 125 300814 125 301070 125 301326 125 301581 126 301837 126 302093 126 302349 126 302605 126 302861 126 303117 126 303373 126 303629 126 303885 126 304140 127 304396 127 304652 127 304908 127 305164 127 305420 127 305676 127 305932 127 306188 127 306443 128 306699 128 306955 128 307211 128 307467 128 307723 128 307979 128 308235 128 308491 128 308747 128 309002 129 309258 129 309514 129 309770 129 310026 129 310282 129 310538 129 310794 129 311050 129 311306 129 311561 130 311817 130 312073 130 312329 130 312585 130 312841 129 313097 128 313353 127 313609 127 313865 126 314120 126 314376 125 314632 124 314888 123 315144 123 315400 122 315656 121 315912 120 316167 120 316423 119 316679 119 316935 118 317191 117 317447 71 317520 43 317702 71 317778 40 317958 71 318037 36 318214 70 318296 33 318470 69 318554 30 318726 68 318813 26 318982 67 319072 22 319237 68 319330 19 319493 67 319589 15 319749 66 319847 13 320005 65 320106 9 320261 64 320365 5 320517 64 320623 2 320773 63 321028 63 321284 62 321540 61 321796 60 322052 60 322308 59 322563 59 322819 58 323075 57 323331 57 323587 56 323843 55 324098 55 324354 54 324610 54 324866 53 325122 52 325378 52 325633 53 325889 52 326145 52 326401 52 326657 52 326913 51 327169 51 327425 51 327681 51 327937 50 328193 50 328449 50 328705 50 328961 50 329217 49 329473 49 329729 49 329985 49 330241 48 330497 48 330753 48 331009 48 331265 47 331521 47 331777 47 332033 47 332289 47 332545 46 332801 46 333057 46 333313 46 333569 45 333825 45 334081 45 334337 45 334593 45 334849 44 335105 44 335361 44 335617 44 335873 43 336129 43 336385 43 336641 43 336897 42 337153 42 337409 42 337665 42 337921 42 338177 41 338433 41 338689 41 338945 41 339201 40 339457 40 339713 40 339969 40 340225 39 340481 39 340737 39 340993 39 341249 39 341505 38 341761 38 342017 38 342273 38 342529 37 342785 37 343041 37 343297 37 343553 36 343809 36 344065 36 344321 36 344577 35 344833 35 345089 34 345345 34 345601 34 345857 33 346093 16 346113 33 346225 43 346319 46 346369 32 346466 156 346625 32 346706 172 346881 31 346917 12 346947 188 347137 31 347172 219 347393 31 347428 220 347649 30 347683 221 347905 30 347939 251 348194 252 348450 252 348705 252 348960 253 349216 252 349471 253 349727 253 349982 226 350209 26 350238 226 350465 26 350493 227 350721 25 350751 225 350977 25 351009 223 351233 25 351267 221 351489 24 351525 219 351745 24 351783 217 352001 23 352044 207 352257 23 352309 189 352513 22 352573 172 352769 22 352838 154 353025 22 353103 137 353281 21 353367 120 353541 17 353632 102 353803 10 354065 4 358383 10 358523 18 358618 31 358770 55 358850 56 359017 145 359265 154 359512 163 359759 173 360009 179 360263 181 360517 184 360770 187 361024 190 361278 192 361532 195 361785 198 362039 201 362293 203 362547 203 362810 193 363079 178 363346 164 363611 152 363876 140 364140 129 364405 118 364670 106 364942 87 365220 62 365498 38 365776 13
008d0f87b.jpg,3,72425 21 72641 61 72856 102 73071 142 73287 182 73522 203 73778 203 74034 202 74291 201 74547 201 74803 201 75059 200 75315 200 75572 199 75828 199 76084 198 76340 198 76597 197 76853 197 77109 196 77385 176 77680 137 77975 98 78269 59 78564 20 142849 15 143105 43 143361 72 143617 100 143873 115 144129 115 144385 114 144641 114 144897 113 145153 113 145409 113 145665 112 145921 112 146177 111 146433 111 146689 111 146945 110 147201 110 147457 109 147713 109 147969 109 148225 108 148481 108 148745 99 149016 84 149287 69 149558 53 149828 39 150099 23 150370 8 379621 28 379821 84 380049 112 380305 112 380560 113 380816 113 381071 114 381327 114 381583 114 381838 115 382094 115 382349 116 382605 116 382861 115 383116 116 383372 116 383627 117 383883 117 384139 117 384394 118 384650 118 384905 118 385161 118 385417 118 385672 119 385928 119 386183 120 386439 120 386695 120 386950 120 387206 120 387461 121 387717 121 388034 60
008ef3d74.jpg,1,356336 4 356587 11 356838 18 357089 25 357340 32 357591 38 357843 43 358094 48 358345 54 358596 59 358847 65 359100 68 359356 69 359612 69 359867 70 360123 69 360379 68 360635 68 360890 68 361146 67 361402 67 361658 66 361914 66 362169 66 362425 65 362681 65 362937 64 363192 64 363448 63 363704 61 363960 60 364215 60 364471 59 364727 58 364986 53 365246 48 365506 34 365767 19 366027 11 366287 4
008ef3d74.jpg,2,375439 5 375687 14 375935 24 376182 34 376430 43 376678 52 376925 63 377173 72 377420 82 377668 91 377916 101 378163 111 378411 120 378659 127 378906 134 379154 141 379402 148 379653 151 379909 150 380165 149 380421 147 380677 146 380933 143 381189 138 381445 132 381701 127 381957 118 382214 93 382471 88 382727 81 382984 72 383241 63 383510 38 383776 12
0095cd374.jpg,3,10674 18 10926 48 11178 52 11430 56 11682 60 11934 64 12186 68 12438 72 12692 74 12947 75 13203 75 13458 76 13714 76 13969 77 14224 77 14480 77 14735 78 14990 79 15246 79 15501 80 15757 80 15961 132 16192 157 16424 181 16655 206 16898 219 17154 219 17410 219 17666 218 17922 218 18178 218 18434 218 18690 217 18946 217 19202 217 19458 216 19714 216 19970 216 20226 216 20482 215 20738 215 20994 215 21250 214 21506 214 21762 214 22018 214 22274 213 22530 213 22786 213 23043 211 23299 211 23555 211 23811 211 24067 210 24323 210 24579 210 24835 209 25091 209 25347 208 25603 208 25859 208 26115 207 26371 207 26627 206 26883 206 27139 205 27395 203 27651 202 27907 200 28163 184 28419 42 28516 56 28675 14
00ac8372f.jpg,1,101742 3 101998 12 102253 19 102301 22 102509 30 102549 34 102765 76 103020 79 103276 81 103532 81 103788 81 104043 82 104299 82 104555 81 104811 80 105067 80 105324 78 105580 77 105836 24 105865 46 106095 15 106127 38 106355 5 106390 26
00ac8372f.jpg,2,98114 24 98370 72 98626 119 98881 168 99137 192 99393 192 99649 192 99905 192 100161 192 100416 192 100672 192 100928 192 101232 144 101584 48 106983 26 107188 77 107393 128 107598 179 107803 229 108033 255 108289 254 108545 254 108801 253 109057 253 109313 252 109569 252 109825 251 110081 251 110337 250 110593 250 110849 249 111105 249 111361 248 111617 248 111873 243 112129 233 112385 223 112641 203 112897 173 113153 150 113409 132 113665 115 113921 97 114177 79 114433 62 114689 44 114945 27 115201 9
00af2671f.jpg,3,155585 64 155713 5542 161281 179 161537 128 161793 77 162049 26 169967 16 170191 48 170416 79 170641 110 170865 142 171090 173 171315 204 171539 236 171779 252 172035 252 172291 252 172547 252 172803 253 173059 253 173315 253 173571 253 173827 253 174083 253 174339 253 174595 253 174851 253 175107 253 175363 253 175619 253 175875 253 176131 253 176386 254 176642 254 176898 254 177154 254 177410 254 177666 254 177922 254 178178 254 178434 254 178690 255 178946 255 179202 255 179458 255 179714 255 179970 255 180226 255 180482 255 180738 255 180994 255 181250 255 181506 255 181762 255 182018 255 182274 255 182530 255 182786 255 183042 255 183298 255 183554 255 183810 255 184066 255 184322 255 184578 255 184834 3052 187905 201 188161 164 188417 128 188673 92 188929 55 189185 19 205013 43 205184 128 205356 212 205569 255 205825 255 206081 255 206337 255 206594 255 206850 255 207106 255 207362 255 207618 255 207874 255 208131 254 208387 254 208643 254 208899 254 209155 254 209411 254 209668 253 209924 253 210180 253 210500 189 210882 63 213889 4736 281772 58 281914 172 282113 229 282369 229 282625 229 282881 229 283137 229 283393 229 283649 229 283905 229 284161 229 284417 229 284673 229 284929 229 285185 229 285441 229 285720 206 286022 160 286324 114 286625 69 286927 23
